No,Kode/Nama Perusahaan,Nama,Tanggal Pencatatan,Saham,Papan Pencatatan
1,AALI,Astra Agro Lestari Tbk.,09 Des 1997,1.924.688.333,UTAMA
2,ABBA,Mahaka Media Tbk.,03 Apr 2002,3.935.892.857,Pengembangan
3,ABDA,Asuransi Bina Dana Arta Tbk.,06 Jul 1989,620.806.680,Pengembangan
4,ABMM,ABM Investama Tbk.,06 Des 2011,2.753.165.000,Utama
5,ACES,Ace Hardware Indonesia Tbk.,06 Nov 2007,17.150.000.000,Utama
6,ACST,Acset Indonusa Tbk.,24 Jun 2013,12.675.160.000,Utama
7,ADCP,Adhi Commuter Properti Tbk.,21 Mei 2021,22.222.222.200,Utama
8,ADES,Akasha Wira International Tbk.,13 Jun 1994,589.896.800,PENGEMBANGAN
9,ADHI,Adhi Karya (Persero) Tbk.,18 Mar 2004,3.560.849.376,Utama
10,ADMF,Adira Dinamika Multi Finance T,31 Mar 2004,1.000.000.000,Utama
11,ADMG,Polychem Indonesia Tbk,20 Okt 1993,3.889.179.559,Utama
12,ADMR,Adaro Minerals Indonesia Tbk.,03 Jan 2022,40.882.331.500,Pengembangan
13,ADRO,Adaro Energy Indonesia Tbk.,16 Jul 2008,31.985.962.000,Utama
14,AGAR,Asia Sejahtera Mina Tbk.,02 Des 2019,1.000.000.000,Pengembangan
15,AGII,Aneka Gas Industri Tbk.,28 Sep 2016,3.066.660.000,Utama
16,AGRO,Bank Raya Indonesia Tbk.,08 Ags 2003,22.520.054.593,Utama
17,AGRS,Bank IBK Indonesia Tbk.,22 Des 2014,17.481.603.282,Pengembangan
18,AHAP,Asuransi Harta Aman Pratama Tb,14 Sep 1990,2.940.000.000,Pengembangan
19,AIMS,Akbar Indo Makmur Stimec Tbk,20 Jul 2001,220.000.000,Pengembangan
20,AISA,FKS Food Sejahtera Tbk.,11 Jun 1997,9.311.800.000,Utama
21,AKKU,Anugerah Kagum Karya Utama Tbk,01 Nov 2004,6.449.463.636,Pengembangan
22,AKPI,Argha Karya Prima Industry Tbk,18 Des 1992,612.248.000,Pengembangan
23,AKRA,AKR Corporindo Tbk.,03 Okt 1994,20.073.474.600,Utama
24,AKSI,Mineral Sumberdaya Mandiri Tbk,13 Jul 2001,720.000.000,Pengembangan
25,ALDO,Alkindo Naratama Tbk.,12 Jul 2011,1.316.856.020,Pengembangan
26,ALKA,Alakasa Industrindo Tbk,12 Jul 1990,507.665.055,Pengembangan
27,ALMI,Alumindo Light Metal Industry,02 Jan 1997,3.816.000.000,Pengembangan
28,ALTO,Tri Banyan Tirta Tbk.,10 Jul 2012,2.191.870.558,Utama
29,AMAG,Asuransi Multi Artha Guna Tbk.,23 Des 2005,5.001.552.516,Pengembangan
30,AMAN,Makmur Berkah Amanda Tbk.,13 Mar 2020,3.873.500.000,Utama
31,AMAR,Bank Amar Indonesia Tbk.,09 Jan 2020,13.681.871.000,Pengembangan
32,AMFG,Asahimas Flat Glass Tbk.,08 Nov 1995,434.000.000,Utama
33,AMIN,Ateliers Mecaniques D Indonesi,10 Des 2015,1.080.000.000,Pengembangan
34,AMOR,Ashmore Asset Management Indon,14 Jan 2020,2.222.222.400,Pengembangan
35,AMRT,Sumber Alfaria Trijaya Tbk.,15 Jan 2009,41.524.501.700,Utama
36,ANDI,Andira Agro Tbk.,16 Ags 2018,9.350.000.000,Pengembangan
37,ANJT,Austindo Nusantara Jaya Tbk.,08 Mei 2013,3.354.175.000,Utama
38,ANTM,Aneka Tambang Tbk.,27 Nov 1997,24.030.764.725,Utama
39,APEX,Apexindo Pratama Duta Tbk.,05 Jun 2013,2.659.850.000,Pengembangan
40,APIC,Pacific Strategic Financial Tb,18 Des 2002,11.766.313.488,Pengembangan
41,APII,Arita Prima Indonesia Tbk.,29 Okt 2013,1.075.760.000,Pengembangan
42,APLI,Asiaplast Industries Tbk.,01 Mei 2000,1.362.671.400,Utama
43,APLN,Agung Podomoro Land Tbk.,11 Nov 2010,22.699.326.779,Utama
44,ARCI,Archi Indonesia Tbk.,28 Jun 2021,24.835.000.000,Utama
45,ARGO,Argo Pantes Tbk,07 Jan 1991,335.557.450,Pengembangan
46,ARII,Atlas Resources Tbk.,08 Nov 2011,3.131.000.000,Pengembangan
47,ARKA,Arkha Jayanti Persada Tbk.,10 Jul 2019,2.000.000.000,Pengembangan
48,ARMY,Armidian Karyatama Tbk.,21 Jun 2017,9.006.250.000,Pengembangan
49,ARNA,Arwana Citramulia Tbk.,17 Jul 2001,7.341.430.976,UTAMA
50,ARTA,Arthavest Tbk,05 Nov 2002,446.674.175,PENGEMBANGAN
51,ARTI,Ratu Prabu Energi Tbk,30 Apr 2003,7.840.000.000,Utama
52,ARTO,Bank Jago Tbk.,12 Jan 2016,13.717.687.500,Pengembangan
53,ASBI,Asuransi Bintang Tbk.,29 Nov 1989,348.386.472,Pengembangan
54,ASDM,Asuransi Dayin Mitra Tbk.,15 Des 1989,192.000.000,Utama
55,ASGR,Astra Graphia Tbk.,15 Nov 1989,1.348.780.500,Utama
56,ASII,Astra International Tbk.,04 Apr 1990,40.483.553.140,Utama
57,ASJT,Asuransi Jasa Tania Tbk.,23 Des 2003,1.288.890.696,Pengembangan
58,ASLC,Autopedia Sukses Lestari Tbk.,25 Jan 2022,12.746.354.780,Pengembangan
59,ASMI,Asuransi Maximus Graha Persada,16 Jan 2014,8.958.380.460,Utama
60,ASPI,Andalan Sakti Primaindo Tbk.,17 Feb 2020,681.794.825,Pengembangan
61,ASRI,Alam Sutera Realty Tbk.,18 Des 2007,19.649.411.888,Utama
62,ASRM,Asuransi Ramayana Tbk.,19 Mar 1990,304.283.840,PENGEMBANGAN
63,ASSA,Adi Sarana Armada Tbk.,12 Nov 2012,3.565.782.562,Utama
64,ATAP,Trimitra Prawara Goldland Tbk.,11 Des 2020,1.250.000.000,Pengembangan
65,ATIC,Anabatic Technologies Tbk.,08 Jul 2015,2.315.361.355,Utama
66,AUTO,Astra Otoparts Tbk.,15 Jun 1998,4.819.733.000,Utama
67,AVIA,Avia Avian Tbk.,08 Des 2021,61.953.555.600,Utama
68,AYLS,Agro Yasa Lestari Tbk.,12 Feb 2020,853.423.236,Pengembangan
69,BABP,Bank MNC Internasional Tbk.,15 Jul 2002,31.068.563.770,Pengembangan
70,BACA,Bank Capital Indonesia Tbk.,04 Okt 2007,7.007.631.839,Pengembangan
71,BAJA,Saranacentral Bajatama Tbk.,21 Des 2011,1.800.000.000,Pengembangan
72,BALI,Bali Towerindo Sentra Tbk.,13 Mar 2014,3.934.592.500,Utama
73,BANK,Bank Aladin Syariah Tbk.,01 Feb 2021,13.134.309.398,Pengembangan
74,BAPA,Bekasi Asri Pemula Tbk.,14 Jan 2008,661.784.520,Utama
75,BAPI,Bhakti Agung Propertindo Tbk.,16 Sep 2019,5.591.752.986,Pengembangan
76,BATA,Sepatu Bata Tbk.,24 Mar 1982,1.300.000.000,Utama
77,BAUT,Mitra Angkasa Sejahtera Tbk.,28 Jan 2022,4.800.000.000,Pengembangan
78,BAYU,Bayu Buana Tbk,30 Okt 1989,353.220.780,PENGEMBANGAN
79,BBCA,Bank Central Asia Tbk.,31 Mei 2000,122.042.299.500,Utama
80,BBHI,Allo Bank Indonesia Tbk.,12 Ags 2015,21.512.953.877,Pengembangan
81,BBKP,Bank KB Bukopin Tbk.,10 Jul 2006,67.019.885.160,Utama
82,BBLD,Buana Finance Tbk.,07 Mei 1990,1.645.796.054,Pengembangan
83,BBMD,Bank Mestika Dharma Tbk.,08 Jul 2013,4.049.189.100,Utama
84,BBNI,Bank Negara Indonesia (Persero,25 Nov 1996,18.462.169.893,Utama
85,BBRI,Bank Rakyat Indonesia (Persero,10 Nov 2003,150.043.411.587,Utama
86,BBRM,Pelayaran Nasional Bina Buana,09 Jan 2013,8.479.490.328,Utama
87,BBSI,Bank Bisnis Internasional Tbk.,07 Sep 2020,3.274.178.463,Pengembangan
88,BBSS,Bumi Benowo Sukses Sejahtera T,15 Apr 2020,4.800.016.020,Pengembangan
89,BBTN,Bank Tabungan Negara (Persero),17 Des 2009,10.484.100.000,Utama
90,BBYB,Bank Neo Commerce Tbk.,13 Jan 2015,9.327.465.018,Utama
91,BCAP,MNC Kapital Indonesia Tbk.,08 Jun 2001,42.618.850.927,Utama
92,BCIC,Bank JTrust Indonesia Tbk.,25 Jun 1997,13.996.806.290,Pengembangan
93,BCIP,Bumi Citra Permai Tbk.,11 Des 2009,1.429.915.525,Pengembangan
94,BDMN,Bank Danamon Indonesia Tbk.,06 Des 1989,9.675.817.341,Utama
95,BEBS,Berkah Beton Sadaya Tbk.,10 Mar 2021,9.000.000.000,Pengembangan
96,BEEF,Estika Tata Tiara Tbk.,10 Jan 2019,1.884.312.595,Pengembangan
97,BEKS,Bank Pembangunan Daerah Banten,13 Jul 2001,51.351.733.883,Pengembangan
98,BELL,Trisula Textile Industries Tbk,03 Okt 2017,7.250.000.000,Pengembangan
99,BESS,Batulicin Nusantara Maritim Tb,09 Mar 2020,3.412.610.636,Pengembangan
100,BEST,Bekasi Fajar Industrial Estate,10 Apr 2012,9.647.311.150,Utama
101,BFIN,BFI Finance Indonesia Tbk.,16 Mei 1990,15.967.115.620,Utama
102,BGTG,Bank Ganesha Tbk.,12 Mei 2016,16.303.371.203,Pengembangan
103,BHAT,Bhakti Multi Artha Tbk.,15 Apr 2020,5.000.000.000,Pengembangan
104,BHIT,MNC Investama Tbk.,24 Nov 1997,86.068.156.705,Utama
105,BIKA,Binakarya Jaya Abadi Tbk.,14 Jul 2015,592.280.000,Pengembangan
106,BIKE,Sepeda Bersama Indonesia Tbk.,21 Mar 2022,1.293.334.000,Pengembangan
107,BIMA,Primarindo Asia Infrastructure,30 Ags 1994,608.175.716,Pengembangan
108,BINA,Bank Ina Perdana Tbk.,16 Jan 2014,5.877.722.813,Utama
109,BINO,Perma Plasindo Tbk.,25 Nov 2021,2.175.000.000,Pengembangan
110,BIPI,Astrindo Nusantara Infrastrukt,11 Feb 2010,44.693.066.193,Pengembangan
111,BIPP,Bhuwanatala Indah Permai Tbk.,23 Okt 1995,5.028.669.366,Pengembangan
112,BIRD,Blue Bird Tbk.,05 Nov 2014,2.502.100.000,UTAMA
113,BISI,BISI International Tbk.,28 Mei 2007,3.000.000.000,UTAMA
114,BJBR,Bank Pembangunan Daerah Jawa B,08 Jul 2010,10.416.229.249,Utama
115,BJTM,Bank Pembangunan Daerah Jawa T,12 Jul 2012,14.865.343.101,Utama
116,BKDP,Bukit Darmo Property Tbk,15 Jun 2007,7.513.992.252,Pengembangan
117,BKSL,Sentul City Tbk.,28 Jul 1997,67.083.561.082,Utama
118,BKSW,Bank QNB Indonesia Tbk.,21 Nov 2002,20.232.319.124,Pengembangan
119,BLTA,Berlian Laju Tanker Tbk,26 Mar 1990,25.940.187.103,Utama
120,BLTZ,Graha Layar Prima Tbk.,10 Apr 2014,873.937.142,Pengembangan
121,BLUE,Berkah Prima Perkasa Tbk.,08 Jul 2019,418.000.000,Pengembangan
122,BMAS,Bank Maspion Indonesia Tbk.,11 Jul 2013,4.399.026.922,Pengembangan
123,BMHS,Bundamedik Tbk.,06 Jul 2021,8.603.416.176,Utama
124,BMRI,Bank Mandiri (Persero) Tbk.,14 Jul 2003,46.199.999.998,Utama
125,BMSR,Bintang Mitra Semestaraya Tbk,29 Des 1999,1.159.200.024,Utama
126,BMTR,Global Mediacom Tbk.,17 Jul 1995,16.583.997.586,Utama
127,BNBA,Bank Bumi Arta Tbk.,01 Jun 2006,2.744.280.000,Utama
128,BNBR,Bakrie & Brothers Tbk,28 Ags 1989,21.160.865.261,Pengembangan
129,BNGA,Bank CIMB Niaga Tbk.,29 Nov 1989,24.880.290.775,Utama
130,BNII,Bank Maybank Indonesia Tbk.,21 Nov 1989,75.357.433.911,Utama
131,BNLI,Bank Permata Tbk.,15 Jan 1990,35.819.545.925,Utama
132,BOBA,Formosa Ingredient Factory Tbk,01 Nov 2021,1.155.750.000,Pengembangan
133,BOGA,Bintang Oto Global Tbk.,19 Des 2016,3.803.526.210,Pengembangan
134,BOLA,Bali Bintang Sejahtera Tbk.,17 Jun 2019,6.000.000.000,Pengembangan
135,BOLT,Garuda Metalindo Tbk.,07 Jul 2015,2.343.750.000,Pengembangan
136,BOSS,Borneo Olah Sarana Sukses Tbk.,15 Feb 2018,1.400.000.000,Pengembangan
137,BPFI,Batavia Prosperindo Finance Tb,01 Jun 2009,2.673.995.362,Pengembangan
138,BPII,Batavia Prosperindo Internasio,08 Jul 2014,562.224.662,Pengembangan
139,BPTR,Batavia Prosperindo Trans Tbk.,09 Jul 2018,1.550.000.000,Utama
140,BRAM,Indo Kordsa Tbk.,05 Sep 1990,450.000.000,Utama
141,BRIS,Bank Syariah Indonesia Tbk.,09 Mei 2018,40.717.924.372,Utama
142,BRMS,Bumi Resources Minerals Tbk.,09 Des 2010,141.784.040.338,Pengembangan
143,BRNA,Berlina Tbk.,06 Nov 1989,979.110.000,Pengembangan
144,BRPT,Barito Pacific Tbk.,01 Okt 1993,93.747.218.044,Utama
145,BSDE,Bumi Serpong Damai Tbk.,06 Jun 2008,21.171.365.812,Utama
146,BSIM,Bank Sinarmas Tbk.,13 Des 2010,19.517.921.842,Utama
147,BSML,Bintang Samudera Mandiri Lines,16 Des 2021,1.850.225.000,Pengembangan
148,BSSR,Baramulti Suksessarana Tbk.,08 Nov 2012,2.616.500.000,Pengembangan
149,BSWD,Bank Of India Indonesia Tbk.,01 Mei 2002,1.374.912.000,Pengembangan
150,BTEK,Bumi Teknokultura Unggul Tbk,14 Mei 2004,46.277.496.376,Pengembangan
151,BTEL,Bakrie Telecom Tbk.,03 Feb 2006,36.822.665.755,Utama
152,BTON,Betonjaya Manunggal Tbk.,18 Jul 2001,720.000.000,PENGEMBANGAN
153,BTPN,Bank BTPN Tbk.,12 Mar 2008,8.066.054.461,Utama
154,BTPS,Bank BTPN Syariah Tbk.,08 Mei 2018,7.626.663.000,Utama
155,BUDI,Budi Starch & Sweetener Tbk.,08 Mei 1995,4.498.997.362,UTAMA
156,BUKA,Bukalapak.com Tbk.,06 Ags 2021,103.062.019.354,Pengembangan
157,BUKK,Bukaka Teknik Utama Tbk.,29 Jun 2015,2.640.452.000,Pengembangan
158,BULL,Buana Lintas Lautan Tbk.,23 Mei 2011,14.117.599.210,Utama
159,BUMI,Bumi Resources Tbk.,30 Jul 1990,115.634.113.853,Pengembangan
160,BUVA,Bukit Uluwatu Villa Tbk.,12 Jul 2010,6.811.269.200,Pengembangan
161,BVIC,Bank Victoria International Tb,30 Jun 1999,10.382.261.242,Utama
162,BWPT,Eagle High Plantations Tbk.,27 Okt 2009,31.525.291.000,Utama
163,BYAN,Bayan Resources Tbk.,12 Ags 2008,3.333.333.500,Utama
164,CAKK,Cahayaputra Asa Keramik Tbk.,31 Okt 2018,1.203.300.219,PENGEMBANGAN
165,CAMP,Campina Ice Cream Industry Tbk,19 Des 2017,5.885.000.000,Utama
166,CANI,Capitol Nusantara Indonesia Tb,16 Jan 2014,833.440.000,Pengembangan
167,CARE,Metro Healthcare Indonesia Tbk,13 Mar 2020,33.250.000.000,Pengembangan
168,CARS,Industri dan Perdagangan Bintr,10 Apr 2017,15.000.000.000,Utama
169,CASA,Capital Financial Indonesia Tb,19 Jul 2016,54.476.269.803,Pengembangan
170,CASH,Cashlez Worldwide Indonesia Tb,04 Mei 2020,1.431.125.517,Akselerasi
171,CASS,Cardig Aero Services Tbk.,05 Des 2011,2.086.950.000,Pengembangan
172,CBMF,Cahaya Bintang Medan Tbk.,09 Apr 2020,1.875.000.000,PENGEMBANGAN
173,CCSI,Communication Cable Systems In,18 Jun 2019,1.199.999.998,Pengembangan
174,CEKA,Wilmar Cahaya Indonesia Tbk.,09 Jul 1996,595.000.000,UTAMA
175,CENT,Centratama Telekomunikasi Indo,01 Nov 2001,31.183.464.900,Pengembangan
176,CFIN,Clipan Finance Indonesia Tbk.,27 Ags 1990,3.984.520.457,Utama
177,CINT,Chitose Internasional Tbk.,27 Jun 2014,1.000.000.000,Pengembangan
178,CITA,Cita Mineral Investindo Tbk.,20 Mar 2002,3.960.361.250,Pengembangan
179,CITY,Natura City Developments Tbk.,28 Sep 2018,5.405.188.966,Utama
180,CLAY,Citra Putra Realty Tbk.,18 Jan 2019,2.570.000.000,Pengembangan
181,CLEO,Sariguna Primatirta Tbk.,05 Mei 2017,12.000.000.000,Utama
182,CLPI,Colorpak Indonesia Tbk.,30 Nov 2001,306.338.500,PENGEMBANGAN
183,CMNP,Citra Marga Nusaphala Persada,10 Jan 1995,5.434.328.255,Utama
184,CMNT,Cemindo Gemilang Tbk.,08 Sep 2021,17.125.504.000,Utama
185,CMPP,AirAsia Indonesia Tbk.,08 Des 1994,10.685.124.441,Pengembangan
186,CMRY,Cisarua Mountain Dairy Tbk.,06 Des 2021,7.934.683.000,Utama
187,CNKO,Exploitasi Energi Indonesia Tb,20 Nov 2001,8.956.361.206,Utama
188,CNTX,Century Textile Industry Tbk.,22 Mei 1979,70.000.000,Pengembangan
189,COCO,Wahana Interfood Nusantara Tbk,20 Mar 2019,889.863.981,Pengembangan
190,COWL,Cowell Development Tbk.,19 Des 2007,4.871.214.021,PENGEMBANGAN
191,CPIN,Charoen Pokphand Indonesia Tbk,18 Mar 1991,16.398.000.000,UTAMA
192,CPRI,Capri Nusa Satu Properti Tbk.,11 Apr 2019,2.433.379.958,PENGEMBANGAN
193,CPRO,Central Proteina Prima Tbk.,28 Nov 2006,59.572.382.787,Utama
194,CSAP,Catur Sentosa Adiprana Tbk.,12 Des 2007,4.458.352.920,Utama
195,CSIS,Cahayasakti Investindo Sukses,10 Mei 2017,1.307.000.000,Pengembangan
196,CSMI,Cipta Selera Murni Tbk.,09 Apr 2020,816.061.500,Pengembangan
197,CSRA,Cisadane Sawit Raya Tbk.,09 Jan 2020,2.050.000.000,Utama
198,CTBN,Citra Tubindo Tbk.,28 Nov 1989,800.371.500,Utama
199,CTRA,Ciputra Development Tbk.,28 Mar 1994,18.560.303.397,Utama
200,CTTH,Citatah Tbk.,03 Jul 1996,1.230.839.821,Pengembangan
201,DADA,Diamond Citra Propertindo Tbk.,14 Feb 2020,7.178.146.908,Pengembangan
202,DART,Duta Anggada Realty Tbk.,08 Mei 1990,3.141.390.962,Utama
203,DAYA,Duta Intidaya Tbk.,28 Jun 2016,2.420.547.025,Pengembangan
204,DCII,DCI Indonesia Tbk.,06 Jan 2021,2.383.745.900,Pengembangan
205,DEAL,Dewata Freightinternational Tb,11 Nov 2018,1.146.170.959,Pengembangan
206,DEFI,Danasupra Erapacific Tbk.,06 Jul 2001,687.266.666,Pengembangan
207,DEPO,Caturkarda Depo Bangunan Tbk.,25 Nov 2021,6.790.000.000,Utama
208,DEWA,Darma Henwa Tbk,26 Sep 2007,21.853.733.792,Utama
209,DFAM,Dafam Property Indonesia Tbk.,27 Apr 2018,1.899.852.850,Pengembangan
210,DGIK,Nusa Konstruksi Enjiniring Tbk,19 Des 2007,5.541.165.000,Utama
211,DGNS,Diagnos Laboratorium Utama Tbk,15 Jan 2021,1.250.000.000,Pengembangan
212,DIGI,Arkadia Digital Media Tbk.,18 Sep 2018,1.625.000.000,Pengembangan
213,DILD,Intiland Development Tbk.,04 Sep 1991,10.365.854.185,Utama
214,DIVA,Distribusi Voucher Nusantara T,27 Nov 2018,1.428.571.400,Pengembangan
215,DKFT,Central Omega Resources Tbk.,21 Nov 1997,5.638.246.600,Pengembangan
216,DLTA,Delta Djakarta Tbk.,27 Feb 1984,800.659.050,UTAMA
217,DMAS,Puradelta Lestari Tbk.,29 Mei 2015,48.198.111.100,Utama
218,DMMX,Digital Mediatama Maxima Tbk.,21 Okt 2019,7.692.307.700,Pengembangan
219,DMND,Diamond Food Indonesia Tbk.,22 Jan 2020,9.468.359.000,Utama
220,DNAR,Bank Oke Indonesia Tbk.,11 Jul 2014,13.816.569.569,Utama
221,DNET,Indoritel Makmur Internasional,11 Des 2000,14.184.000.000,Pengembangan
222,DOID,Delta Dunia Makmur Tbk.,15 Jun 2001,8.621.173.232,Utama
223,DPNS,Duta Pertiwi Nusantara Tbk.,08 Ags 1990,331.129.952,Utama
224,DPUM,Dua Putra Utama Makmur Tbk.,08 Des 2015,4.175.000.000,Utama
225,DRMA,Dharma Polimetal Tbk.,20 Des 2021,4.705.882.300,Utama
226,DSFI,Dharma Samudera Fishing Indust,24 Mar 2000,1.857.135.500,UTAMA
227,DSNG,Dharma Satya Nusantara Tbk.,14 Jun 2013,10.599.842.400,Utama
228,DSSA,Dian Swastatika Sentosa Tbk,10 Des 2009,770.552.320,Utama
229,DUCK,Jaya Bersama Indo Tbk.,10 Okt 2018,1.283.330.000,Utama
230,DUTI,Duta Pertiwi Tbk,02 Nov 1994,1.850.000.000,Pengembangan
231,DVLA,Darya-Varia Laboratoria Tbk.,11 Nov 1994,1.120.000.000,Utama
232,DWGL,Dwi Guna Laksana Tbk.,13 Des 2017,9.244.722.556,Pengembangan
233,DYAN,Dyandra Media International Tb,25 Mar 2013,4.272.964.279,Utama
234,EAST,Eastparc Hotel Tbk.,09 Jul 2019,4.126.366.525,Pengembangan
235,ECII,Electronic City Indonesia Tbk.,03 Jul 2013,1.334.333.000,PENGEMBANGAN
236,EDGE,Indointernet Tbk.,08 Feb 2021,404.050.000,Pengembangan
237,EKAD,Ekadharma International Tbk.,14 Ags 1990,698.775.000,UTAMA
238,ELSA,Elnusa Tbk.,06 Feb 2008,7.298.500.000,Utama
239,ELTY,Bakrieland Development Tbk.,30 Okt 1995,43.521.913.019,UTAMA
240,EMDE,Megapolitan Developments Tbk.,12 Jan 2011,3.350.000.000,Pengembangan
241,EMTK,Elang Mahkota Teknologi Tbk.,12 Jan 2010,61.241.751.483,Utama
242,ENAK,Champ Resto Indonesia Tbk.,08 Feb 2022,2.166.666.800,Pengembangan
243,ENRG,Energi Mega Persada Tbk.,07 Jun 2004,24.821.230.250,Pengembangan
244,ENVY,Envy Technologies Indonesia Tb,08 Jul 2019,1.800.000.000,Pengembangan
245,ENZO,Morenzo Abadi Perkasa Tbk.,14 Sep 2020,2.162.545.448,PENGEMBANGAN
246,EPAC,Megalestari Epack Sentosaraya,01 Jul 2020,3.303.400.000,Pengembangan
247,EPMT,Enseval Putera Megatrading Tbk,01 Ags 1994,2.708.640.000,Pengembangan
248,ERAA,Erajaya Swasembada Tbk.,14 Des 2011,15.950.000.000,Utama
249,ERTX,Eratex Djaja Tbk.,21 Ags 1990,1.286.539.792,Pengembangan
250,ESIP,Sinergi Inti Plastindo Tbk.,14 Nov 2019,1.109.936.024,Pengembangan
251,ESSA,Surya Esa Perkasa Tbk.,01 Feb 2012,15.660.887.000,Utama
252,ESTA,Esta Multi Usaha Tbk.,09 Mar 2020,630.000.000,Pengembangan
253,ESTI,Ever Shine Tex Tbk.,13 Okt 1992,2.015.208.720,UTAMA
254,ETWA,Eterindo Wahanatama Tbk,16 Mei 1997,4.668.671.400,Utama
255,EXCL,XL Axiata Tbk.,29 Sep 2005,10.724.674.776,Utama
256,FAPA,FAP Agri Tbk.,04 Jan 2021,3.629.411.800,Pengembangan
257,FAST,Fast Food Indonesia Tbk.,11 Mei 1993,3.990.277.158,Pengembangan
258,FASW,Fajar Surya Wisesa Tbk.,19 Des 1994,2.477.888.787,Utama
259,FILM,MD Pictures Tbk.,07 Ags 2018,9.511.217.000,Utama
260,FIMP,Fimperkasa Utama Tbk.,09 Apr 2021,400.000.975,Akselerasi
261,FIRE,Alfa Energi Investama Tbk.,09 Jun 2017,1.475.363.179,Pengembangan
262,FISH,FKS Multi Agro Tbk.,18 Jan 2002,480.000.000,Pengembangan
263,FITT,Hotel Fitra International Tbk.,11 Jun 2019,726.130.099,PENGEMBANGAN
264,FLMC,Falmaco Nonwoven Industri Tbk.,08 Jul 2021,781.250.000,Akselerasi
265,FMII,Fortune Mate Indonesia Tbk,30 Jun 2000,2.721.000.000,Pengembangan
266,FOOD,Sentra Food Indonesia Tbk.,08 Jan 2019,650.000.000,Pengembangan
267,FORU,Fortune Indonesia Tbk,17 Jan 2002,465.224.000,Pengembangan
268,FORZ,Forza Land Indonesia Tbk.,28 Apr 2017,1.984.009.887,UTAMA
269,FPNI,Lotte Chemical Titan Tbk.,21 Mar 2002,5.566.414.000,Pengembangan
270,FREN,Smartfren Telecom Tbk.,29 Nov 2006,308.106.837.081,Utama
271,FUJI,Fuji Finance Indonesia Tbk.,09 Jul 2019,1.105.000.000,PENGEMBANGAN
272,GAMA,Aksara Global Development Tbk.,11 Jul 2012,10.011.027.656,UTAMA
273,GDST,Gunawan Dianjaya Steel Tbk.,23 Des 2009,9.242.500.000,PENGEMBANGAN
274,GDYR,Goodyear Indonesia Tbk.,22 Des 1980,410.000.000,Utama
275,GEMA,Gema Grahasarana Tbk.,12 Ags 2002,1.600.000.000,Pengembangan
276,GEMS,Golden Energy Mines Tbk.,17 Nov 2011,5.882.353.000,Utama
277,GGRM,Gudang Garam Tbk.,27 Ags 1990,1.924.088.000,Utama
278,GGRP,Gunung Raja Paksi Tbk.,19 Sep 2019,12.111.376.157,Pengembangan
279,GHON,Gihon Telekomunikasi Indonesia,09 Apr 2018,550.000.000,Utama
280,GIAA,Garuda Indonesia (Persero) Tbk,11 Feb 2011,25.886.576.254,Utama
281,GJTL,Gajah Tunggal Tbk.,08 Mei 1990,3.484.800.000,Utama
282,GLOB,Globe Kita Terang Tbk.,10 Jul 2012,1.111.112.000,Pengembangan
283,GLVA,Galva Technologies Tbk.,23 Des 2019,1.500.000.000,Pengembangan
284,GMFI,Garuda Maintenance Facility Ae,10 Okt 2017,28.233.511.500,Utama
285,GMTD,Gowa Makassar Tourism Developm,11 Des 2000,101.538.000,Pengembangan
286,GOLD,Visi Telekomunikasi Infrastruk,07 Jul 2010,1.277.276.000,PENGEMBANGAN
287,GOLL,Golden Plantation Tbk.,23 Des 2014,3.665.000.759,Pengembangan
288,GOOD,Garudafood Putra Putri Jaya Tb,10 Okt 2018,36.897.901.455,Utama
289,GPRA,Perdana Gapuraprima Tbk.,10 Okt 2007,4.276.655.336,Utama
290,GPSO,Geoprima Solusi Tbk.,06 Sep 2021,666.666.723,Pengembangan
291,GSMF,Equity Development Investment,23 Okt 1989,14.230.399.705,Pengembangan
292,GTBO,Garda Tujuh Buana Tbk,09 Jul 2009,2.500.000.000,Pengembangan
293,GTSI,GTS Internasional Tbk.,08 Sep 2021,15.819.142.767,Utama
294,GWSA,Greenwood Sejahtera Tbk.,23 Des 2011,7.800.760.000,UTAMA
295,GZCO,Gozco Plantations Tbk.,15 Mei 2008,6.000.000.000,Utama
296,HADE,Himalaya Energi Perkasa Tbk.,12 Apr 2004,2.120.000.000,PENGEMBANGAN
297,HAIS,Hasnur Internasional Shipping,01 Sep 2021,2.626.250.000,Utama
298,HDFA,Radana Bhaskara Finance Tbk.,10 Mei 2011,6.542.445.783,Utama
299,HDIT,Hensel Davest Indonesia Tbk.,12 Jul 2019,1.524.680.000,Utama
300,HDTX,Panasia Indo Resources Tbk.,06 Jun 1990,3.601.462.800,Utama
301,HEAL,Medikaloka Hermina Tbk.,16 Mei 2018,14.890.000.000,Utama
302,HELI,Jaya Trishindo Tbk.,27 Mar 2018,832.862.387,Pengembangan
303,HERO,Hero Supermarket Tbk.,21 Ags 1989,4.183.634.000,Utama
304,HEXA,Hexindo Adiperkasa Tbk.,13 Feb 1995,840.000.000,Utama
305,HITS,Humpuss Intermoda Transportasi,15 Des 1997,7.101.084.801,Utama
306,HKMU,HK Metals Utama Tbk.,09 Okt 2018,3.221.750.000,Utama
307,HMSP,H.M. Sampoerna Tbk.,15 Ags 1990,116.318.076.900,Utama
308,HOKI,Buyung Poetra Sembada Tbk.,22 Jun 2017,9.677.752.680,Utama
309,HOME,Hotel Mandarine Regency Tbk.,17 Jul 2008,22.212.194.782,PENGEMBANGAN
310,HOMI,Grand House Mulia Tbk.,10 Sep 2020,787.500.000,Pengembangan
311,HOPE,Harapan Duta Pertiwi Tbk.,24 Mei 2021,2.129.167.100,PENGEMBANGAN
312,HOTL,Saraswati Griya Lestari Tbk.,10 Jan 2013,3.550.001.452,Utama
313,HRME,Menteng Heritage Realty Tbk.,12 Apr 2019,5.958.750.000,Pengembangan
314,HRTA,Hartadinata Abadi Tbk.,21 Jun 2017,4.605.262.400,Utama
315,HRUM,Harum Energy Tbk.,06 Okt 2010,2.703.620.000,Utama
316,IATA,MNC Energy Investments Tbk.,13 Sep 2006,11.415.812.114,Pengembangan
317,IBFN,Intan Baruprana Finance Tbk.,22 Des 2014,1.517.332.349,Pengembangan
318,IBST,Inti Bangun Sejahtera Tbk.,31 Ags 2012,1.350.904.927,Utama
319,ICBP,Indofood CBP Sukses Makmur Tbk,07 Okt 2010,11.661.908.000,Utama
320,ICON,Island Concepts Indonesia Tbk.,08 Jul 2005,1.089.750.000,Pengembangan
321,IDEA,Idea Indonesia Akademi Tbk.,09 Sep 2021,1.062.437.500,Akselerasi
322,IDPR,Indonesia Pondasi Raya Tbk.,10 Des 2015,2.003.000.000,Utama
323,IFII,Indonesia Fibreboard Industry,10 Des 2019,9.412.000.000,Utama
324,IFSH,Ifishdeco Tbk.,05 Des 2019,2.125.000.000,Pengembangan
325,IGAR,Champion Pacific Indonesia Tbk,05 Nov 1990,972.204.500,Utama
326,IIKP,Inti Agri Resources Tbk,14 Okt 2002,33.600.000.000,Pengembangan
327,IKAI,Intikeramik Alamasri Industri,04 Jun 1997,13.305.799.387,Utama
328,IKAN,Era Mandiri Cemerlang Tbk.,12 Feb 2020,833.333.000,Pengembangan
329,IKBI,Sumi Indo Kabel Tbk.,21 Jan 1991,1.224.000.000,PENGEMBANGAN
330,IMAS,Indomobil Sukses Internasional,15 Nov 1993,3.994.291.039,Utama
331,IMJS,Indomobil Multi Jasa Tbk.,10 Des 2013,8.654.325.000,Utama
332,IMPC,Impack Pratama Industri Tbk.,17 Des 2014,4.833.500.000,Pengembangan
333,INAF,Indofarma Tbk.,17 Apr 2001,3.099.267.500,Utama
334,INAI,Indal Aluminium Industry Tbk.,05 Des 1994,633.600.000,PENGEMBANGAN
335,INCF,Indo Komoditi Korpora Tbk.,06 Sep 2016,1.438.370.465,Pengembangan
336,INCI,Intanwijaya Internasional Tbk,24 Jul 1990,196.121.237,Utama
337,INCO,Vale Indonesia Tbk.,16 Mei 1990,9.936.338.720,Utama
338,INDF,Indofood Sukses Makmur Tbk.,14 Jul 1994,8.780.426.500,Utama
339,INDO,Royalindo Investa Wijaya Tbk.,13 Jan 2020,4.316.520.405,Pengembangan
340,INDR,Indo-Rama Synthetics Tbk.,03 Ags 1990,654.351.707,Utama
341,INDS,Indospring Tbk.,10 Ags 1990,656.249.710,Utama
342,INDX,Tanah Laut Tbk,17 Mei 2001,437.913.588,Pengembangan
343,INDY,Indika Energy Tbk.,11 Jun 2008,5.210.192.000,Utama
344,INKP,Indah Kiat Pulp & Paper Tbk.,16 Jul 1990,5.470.982.941,Utama
345,INOV,Inocycle Technology Group Tbk.,10 Jul 2019,1.808.221.900,Pengembangan
346,INPC,Bank Artha Graha Internasional,23 Ags 1990,20.021.178.779,Utama
347,INPP,Indonesian Paradise Property T,12 Jan 2004,11.181.971.732,Pengembangan
348,INPS,Indah Prakasa Sentosa Tbk.,06 Apr 2018,650.000.000,Pengembangan
349,INRU,Toba Pulp Lestari Tbk.,18 Jun 1990,1.388.883.283,Pengembangan
350,INTA,Intraco Penta Tbk.,23 Ags 1993,3.343.935.022,Pengembangan
351,INTD,Inter Delta Tbk,18 Des 1989,591.828.000,Pengembangan
352,INTP,Indocement Tunggal Prakarsa Tb,05 Des 1989,3.681.231.699,Utama
353,IPAC,Era Graharealty Tbk.,30 Jun 2021,949.868.500,Akselerasi
354,IPCC,Indonesia Kendaraan Terminal T,09 Jul 2018,1.818.384.820,Utama
355,IPCM,Jasa Armada Indonesia Tbk.,22 Des 2017,5.284.811.100,Utama
356,IPOL,Indopoly Swakarsa Industry Tbk,09 Jul 2010,6.443.379.509,Utama
357,IPPE,Indo Pureco Pratama Tbk.,09 Des 2021,4.600.000.000,Pengembangan
358,IPTV,MNC Vision Networks Tbk.,08 Jul 2019,42.197.950.841,Utama
359,IRRA,Itama Ranoraya Tbk.,15 Okt 2019,1.600.000.000,Pengembangan
360,ISAT,Indosat Tbk.,19 Okt 1994,8.062.702.740,Utama
361,ISSP,Steel Pipe Industry of Indones,22 Feb 2013,7.185.992.035,Utama
362,ITIC,Indonesian Tobacco Tbk.,04 Jul 2019,940.720.000,Pengembangan
363,ITMA,Sumber Energi Andalan Tbk.,10 Des 1990,870.701.000,Pengembangan
364,ITMG,Indo Tambangraya Megah Tbk.,18 Des 2007,1.129.925.000,Utama
365,JAST,Jasnita Telekomindo Tbk.,16 Mei 2019,813.626.700,Pengembangan
366,JAWA,Jaya Agra Wattie Tbk.,30 Mei 2011,3.774.685.500,Utama
367,JAYA,Armada Berjaya Trans Tbk.,21 Feb 2019,750.000.210,Pengembangan
368,JECC,Jembo Cable Company Tbk.,18 Nov 1992,151.200.000,PENGEMBANGAN
369,JGLE,Graha Andrasentra Propertindo,29 Jun 2016,22.581.909.405,Pengembangan
370,JIHD,Jakarta International Hotels &,29 Feb 1984,2.329.040.482,Pengembangan
371,JKON,Jaya Konstruksi Manggala Prata,04 Des 2007,16.308.519.860,Utama
372,JKSW,Jakarta Kyoei Steel Works Tbk.,06 Ags 1997,150.000.000,Pengembangan
373,JMAS,Asuransi Jiwa Syariah Jasa Mit,18 Des 2017,1.000.000.000,Pengembangan
374,JPFA,Japfa Comfeed Indonesia Tbk.,23 Okt 1989,11.726.575.201,Utama
375,JRPT,Jaya Real Property Tbk.,29 Jun 1994,13.750.000.000,Utama
376,JSKY,Sky Energy Indonesia Tbk.,28 Mar 2018,2.032.540.000,Utama
377,JSMR,Jasa Marga (Persero) Tbk.,12 Nov 2007,7.257.871.200,Utama
378,JSPT,Jakarta Setiabudi Internasiona,12 Jan 1998,2.318.736.000,Pengembangan
379,JTPE,Jasuindo Tiga Perkasa Tbk.,16 Apr 2002,1.713.012.500,Pengembangan
380,KAEF,Kimia Farma Tbk.,04 Jul 2001,5.554.000.000,Utama
381,KARW,ICTSI Jasa Prima Tbk.,20 Des 1994,587.152.700,Pengembangan
382,KAYU,Darmi Bersaudara Tbk.,04 Jul 2019,665.000.000,Pengembangan
383,KBAG,Karya Bersama Anugerah Tbk.,08 Apr 2020,7.150.001.509,Pengembangan
384,KBLI,KMI Wire & Cable Tbk.,06 Jul 1992,4.007.235.107,Utama
385,KBLM,Kabelindo Murni Tbk.,01 Jun 1992,1.120.000.000,PENGEMBANGAN
386,KBLV,First Media Tbk.,25 Feb 2000,1.742.167.907,Pengembangan
387,KBRI,Kertas Basuki Rachmat Indonesi,11 Jul 2008,8.687.995.734,Pengembangan
388,KDSI,Kedawung Setia Industrial Tbk.,29 Jul 1996,405.000.000,Pengembangan
389,KEEN,Kencana Energi Lestari Tbk.,02 Sep 2019,3.666.312.500,Utama
390,KEJU,Mulia Boga Raya Tbk.,25 Nov 2019,1.500.000.000,Pengembangan
391,KIAS,Keramika Indonesia Assosiasi T,08 Des 1994,14.929.100.000,Pengembangan
392,KICI,Kedaung Indah Can Tbk,28 Okt 1993,276.000.000,UTAMA
393,KIJA,Kawasan Industri Jababeka Tbk.,10 Jan 1995,20.824.888.369,Utama
394,KINO,Kino Indonesia Tbk.,11 Des 2015,1.428.571.500,Utama
395,KIOS,Kioson Komersial Indonesia Tbk,05 Okt 2017,717.239.900,Pengembangan
396,KJEN,Krida Jaringan Nusantara Tbk.,01 Jul 2019,500.000.000,Pengembangan
397,KKGI,Resource Alam Indonesia Tbk.,01 Jul 1991,5.000.000.000,Utama
398,KLBF,Kalbe Farma Tbk.,30 Jul 1991,46.875.122.110,Utama
399,KMDS,Kurniamitra Duta Sentosa Tbk.,07 Sep 2020,800.000.000,Pengembangan
400,KMTR,Kirana Megatara Tbk.,19 Jun 2017,8.215.366.379,Pengembangan
401,KOBX,Kobexindo Tractors Tbk.,05 Jul 2012,2.272.500.000,Utama
402,KOIN,Kokoh Inti Arebama Tbk,09 Apr 2008,980.843.732,PENGEMBANGAN
403,KONI,Perdana Bangun Pusaka Tbk,22 Ags 1995,312.000.000,Pengembangan
404,KOPI,Mitra Energi Persada Tbk.,04 Mei 2015,697.266.668,PENGEMBANGAN
405,KOTA,DMS Propertindo Tbk.,09 Jul 2019,10.546.185.701,UTAMA
406,KPAL,Steadfast Marine Tbk.,08 Jun 2018,1.069.009.400,UTAMA
407,KPAS,Cottonindo Ariesta Tbk.,05 Okt 2018,768.043.253,Pengembangan
408,KPIG,MNC Land Tbk.,30 Mar 2000,80.625.726.664,Pengembangan
409,KRAH,Grand Kartech Tbk.,08 Nov 2013,971.190.000,Pengembangan
410,KRAS,Krakatau Steel (Persero) Tbk.,10 Nov 2010,19.346.396.900,Utama
411,KREN,Kresna Graha Investama Tbk.,28 Jun 2002,18.208.470.100,Utama
412,KUAS,Ace Oldfields Tbk.,25 Okt 2021,1.292.570.540,Pengembangan
413,LABA,Ladangbaja Murni Tbk.,10 Jun 2021,1.000.118.550,Pengembangan
414,LAND,Trimitra Propertindo Tbk.,23 Ags 2018,2.792.620.000,Pengembangan
415,LAPD,Leyand International Tbk.,17 Jul 2001,3.966.350.139,Pengembangan
416,LCGP,Eureka Prima Jakarta Tbk.,13 Jul 2007,5.630.000.914,Pengembangan
417,LCKM,LCK Global Kedaton Tbk.,16 Jan 2018,1.000.000.000,Pengembangan
418,LEAD,Logindo Samudramakmur Tbk.,11 Des 2013,4.049.616.328,UTAMA
419,LFLO,Imago Mulia Persada Tbk.,07 Apr 2021,1.303.338.812,AKSELERASI
420,LIFE,Asuransi Jiwa Sinarmas MSIG Tb,09 Jul 2019,2.100.000.000,Utama
421,LINK,Link Net Tbk.,02 Jun 2014,2.863.195.484,Utama
422,LION,Lion Metal Works Tbk.,20 Ags 1993,520.160.000,Utama
423,LMAS,Limas Indonesia Makmur Tbk,28 Des 2001,787.851.525,Pengembangan
424,LMPI,Langgeng Makmur Industri Tbk.,17 Okt 1994,1.008.517.669,PENGEMBANGAN
425,LMSH,Lionmesh Prima Tbk.,04 Jun 1990,96.000.000,Pengembangan
426,LPCK,Lippo Cikarang Tbk,24 Jul 1997,2.679.600.000,Utama
427,LPGI,Lippo General Insurance Tbk.,22 Jul 1997,150.000.000,UTAMA
428,LPIN,Multi Prima Sejahtera Tbk,05 Feb 1990,425.000.000,Pengembangan
429,LPKR,Lippo Karawaci Tbk.,28 Jun 1996,70.898.018.369,Utama
430,LPLI,Star Pacific Tbk,23 Okt 1989,1.170.432.803,Pengembangan
431,LPPF,Matahari Department Store Tbk.,09 Okt 1989,2.626.148.780,Utama
432,LPPS,Lenox Pasifik Investama Tbk.,28 Mar 1994,2.588.250.000,Pengembangan
433,LRNA,Eka Sari Lorena Transport Tbk.,15 Apr 2014,350.000.022,Pengembangan
434,LSIP,PP London Sumatra Indonesia Tb,05 Jul 1996,6.822.863.965,Utama
435,LTLS,Lautan Luas Tbk.,21 Jul 1997,1.560.000.000,Utama
436,LUCK,Sentral Mitra Informatika Tbk.,28 Nov 2018,715.749.640,Pengembangan
437,LUCY,Lima Dua Lima Tiga Tbk.,05 Mei 2021,1.035.000.000,Akselerasi
438,MABA,Marga Abhinaya Abadi Tbk.,22 Jun 2017,15.365.229.912,PENGEMBANGAN
439,MAGP,Multi Agro Gemilang Plantation,16 Jan 2013,9.000.000.004,Pengembangan
440,MAIN,Malindo Feedmill Tbk.,10 Feb 2006,2.238.750.000,Utama
441,MAMI,Mas Murni Indonesia Tbk,09 Feb 1994,12.299.117.590,Utama
442,MAPA,Map Aktif Adiperkasa Tbk.,05 Jul 2018,2.850.400.000,Pengembangan
443,MAPB,MAP Boga Adiperkasa Tbk.,21 Jun 2017,2.170.922.900,PENGEMBANGAN
444,MAPI,Mitra Adiperkasa Tbk.,10 Nov 2004,16.600.000.000,Utama
445,MARI,Mahaka Radio Integra Tbk.,11 Feb 2016,5.252.644.000,Pengembangan
446,MARK,Mark Dynamics Indonesia Tbk.,12 Jul 2017,3.800.000.310,Utama
447,MASA,Multistrada Arah Sarana Tbk.,09 Jun 2005,9.182.946.945,Utama
448,MASB,Bank Multiarta Sentosa Tbk.,30 Jun 2021,1.226.909.470,Pengembangan
449,MAYA,Bank Mayapada Internasional Tb,29 Ags 1997,11.714.045.161,Utama
450,MBAP,Mitrabara Adiperdana Tbk.,10 Jul 2014,1.227.271.952,Pengembangan
451,MBSS,Mitrabahtera Segara Sejati Tbk,06 Apr 2011,1.750.026.639,Utama
452,MBTO,Martina Berto Tbk.,13 Jan 2011,1.070.000.000,Utama
453,MCAS,M Cash Integrasi Tbk.,01 Nov 2017,867.933.300,Pengembangan
454,MCOL,Prima Andalan Mandiri Tbk.,07 Sep 2021,3.555.560.000,Utama
455,MCOR,Bank China Construction Bank I,03 Jul 2007,37.540.533.209,Utama
456,MDIA,Intermedia Capital Tbk.,11 Apr 2014,39.215.538.400,UTAMA
457,MDKA,Merdeka Copper Gold Tbk.,19 Jun 2015,22.904.850.815,Pengembangan
458,MDKI,Emdeki Utama Tbk.,25 Sep 2017,2.530.150.002,Utama
459,MDLN,Modernland Realty Tbk.,18 Jan 1993,12.533.067.322,Utama
460,MDRN,Modern Internasional Tbk.,16 Jul 1991,7.632.167.798,Utama
461,MEDC,Medco Energi Internasional Tbk,12 Okt 1994,25.136.231.252,Utama
462,MEGA,Bank Mega Tbk.,17 Apr 2000,11.623.514.905,Utama
463,MERK,Merck Tbk.,23 Jul 1981,448.000.000,PENGEMBANGAN
464,META,Nusantara Infrastructure Tbk.,18 Jul 2001,17.710.708.194,Utama
465,MFIN,Mandala Multifinance Tbk.,06 Sep 2005,2.650.000.000,Pengembangan
466,MFMI,Multifiling Mitra Indonesia Tb,29 Des 2010,757.581.000,Pengembangan
467,MGLV,Panca Anugrah Wisesa Tbk.,08 Jun 2021,1.904.207.270,Akselerasi
468,MGNA,Magna Investama Mandiri Tbk.,08 Jul 2014,1.003.080.977,Pengembangan
469,MGRO,Mahkota Group Tbk.,12 Jul 2018,3.554.445.700,Utama
470,MICE,Multi Indocitra Tbk.,21 Des 2005,600.000.000,PENGEMBANGAN
471,MIDI,Midi Utama Indonesia Tbk.,30 Nov 2010,2.882.353.000,PENGEMBANGAN
472,MIKA,Mitra Keluarga Karyasehat Tbk.,24 Mar 2015,14.246.349.500,Utama
473,MINA,Sanurhasta Mitra Tbk.,28 Apr 2017,6.562.500.000,Pengembangan
474,MIRA,Mitra International Resources,30 Jan 1997,3.961.452.039,Pengembangan
475,MITI,Mitra Investindo Tbk.,16 Jul 1997,2.442.988.366,Pengembangan
476,MKNT,Mitra Komunikasi Nusantara Tbk,26 Okt 2015,5.500.000.000,Pengembangan
477,MKPI,Metropolitan Kentjana Tbk.,10 Jul 2009,948.194.000,PENGEMBANGAN
478,MLBI,Multi Bintang Indonesia Tbk.,15 Des 1981,2.107.000.000,Utama
479,MLIA,Mulia Industrindo Tbk,17 Jan 1994,1.323.000.000,PENGEMBANGAN
480,MLPL,Multipolar Tbk.,06 Nov 1989,15.403.833.101,Utama
481,MLPT,Multipolar Technology Tbk.,08 Jul 2013,1.875.000.000,Utama
482,MMLP,Mega Manunggal Property Tbk.,12 Jun 2015,6.889.134.608,Pengembangan
483,MNCN,Media Nusantara Citra Tbk.,22 Jun 2007,15.049.787.710,Utama
484,MOLI,Madusari Murni Indah Tbk.,30 Ags 2018,2.724.036.581,Pengembangan
485,MPMX,Mitra Pinasthika Mustika Tbk.,29 Mei 2013,4.462.963.276,Utama
486,MPOW,Megapower Makmur Tbk.,05 Jul 2017,816.997.053,Pengembangan
487,MPPA,Matahari Putra Prima Tbk.,21 Des 1992,8.477.734.948,Utama
488,MPRO,Maha Properti Indonesia Tbk.,09 Okt 2018,9.942.500.000,Pengembangan
489,MRAT,Mustika Ratu Tbk.,27 Jul 1995,428.000.000,Utama
490,MREI,Maskapai Reasuransi Indonesia,04 Sep 1989,517.791.681,Pengembangan
491,MSIN,MNC Digital Entertainment Tbk.,08 Jun 2018,11.444.400.000,Utama
492,MSKY,MNC Sky Vision Tbk.,09 Jul 2012,1.994.370.480,Utama
493,MTDL,Metrodata Electronics Tbk.,09 Apr 1990,12.276.884.585,Utama
494,MTEL,Dayamitra Telekomunikasi Tbk.,22 Nov 2021,83.515.452.844,Utama
495,MTFN,Capitalinc Investment Tbk.,16 Apr 1990,31.842.082.852,Pengembangan
496,MTLA,Metropolitan Land Tbk.,20 Jun 2011,7.655.126.330,UTAMA
497,MTPS,Meta Epsi Tbk.,10 Apr 2019,2.084.850.829,PENGEMBANGAN
498,MTRA,Mitra Pemuda Tbk.,10 Feb 2016,770.000.000,Pengembangan
499,MTSM,Metro Realty Tbk.,08 Jan 1992,232.848.000,Pengembangan
500,MTWI,Malacca Trust Wuwungan Insuran,12 Okt 2017,1.525.819.116,Pengembangan
501,MYOH,Samindo Resources Tbk.,27 Jul 2000,2.206.312.500,Utama
502,MYOR,Mayora Indah Tbk.,04 Jul 1990,22.358.699.725,Utama
503,MYRX,Hanson International Tbk.,31 Okt 1990,86.703.220.792,Pengembangan
504,MYTX,Asia Pacific Investama Tbk.,10 Okt 1989,7.747.281.949,UTAMA
505,NANO,Nanotech Indonesia Global Tbk.,10 Mar 2022,4.285.000.000,Akselerasi
506,NASA,Andalan Perkasa Abadi Tbk.,07 Ags 2017,11.004.929.322,Pengembangan
507,NASI,Wahana Inti Makmur Tbk.,13 Des 2021,807.400.000,Pengembangan
508,NATO,Surya Permata Andalan Tbk.,18 Jan 2019,8.001.111.504,Pengembangan
509,NELY,Pelayaran Nelly Dwi Putri Tbk.,11 Okt 2012,2.350.000.000,Pengembangan
510,NETV,Net Visi Media Tbk.,26 Jan 2022,23.453.177.240,Pengembangan
511,NFCX,NFC Indonesia Tbk.,12 Jul 2018,666.667.500,Pengembangan
512,NICK,Charnic Capital Tbk.,02 Mei 2018,651.150.000,PENGEMBANGAN
513,NICL,PAM Mineral Tbk.,09 Jul 2021,9.662.503.494,Pengembangan
514,NIKL,Pelat Timah Nusantara Tbk.,14 Des 2009,2.523.350.000,UTAMA
515,NIPS,Nipress Tbk.,24 Jul 1991,1.635.333.332,Pengembangan
516,NIRO,City Retail Developments Tbk.,13 Sep 2012,22.198.871.804,Pengembangan
517,NISP,Bank OCBC NISP Tbk.,20 Okt 1994,22.715.776.032,Utama
518,NOBU,Bank Nationalnobu Tbk.,20 Mei 2013,4.556.256.627,Utama
519,NPGF,Nusa Palapa Gemilang Tbk.,14 Apr 2021,3.240.235.840,Utama
520,NRCA,Nusa Raya Cipta Tbk.,27 Jun 2013,2.496.258.344,UTAMA
521,NTBK,Nusatama Berkah Tbk.,09 Feb 2022,2.700.000.000,Pengembangan
522,NUSA,Sinergi Megah Internusa Tbk.,12 Jul 2018,7.700.000.148,Pengembangan
523,NZIA,Nusantara Almazia Tbk.,25 Sep 2019,2.197.540.705,UTAMA
524,OASA,Protech Mitra Perkasa Tbk.,18 Jul 2016,358.600.000,Pengembangan
525,OBMD,OBM Drilchem Tbk.,08 Des 2021,732.000.000,Pengembangan
526,OCAP,Onix Capital Tbk.,10 Okt 2003,273.200.000,Pengembangan
527,OILS,Indo Oil Perkasa Tbk.,06 Sep 2021,454.000.943,Pengembangan
528,OKAS,Ancora Indonesia Resources Tbk,29 Mar 2006,1.765.927.777,Pengembangan
529,OMRE,Indonesia Prima Property Tbk,22 Ags 1994,1.745.000.000,Pengembangan
530,OPMS,Optima Prima Metal Sinergi Tbk,23 Sep 2019,1.000.000.000,PENGEMBANGAN
531,PADI,Minna Padi Investama Sekuritas,09 Jan 2012,11.307.246.524,Utama
532,PALM,Provident Agro Tbk.,08 Okt 2012,7.119.540.356,Pengembangan
533,PAMG,Bima Sakti Pertiwi Tbk.,05 Jul 2019,3.125.000.000,Utama
534,PANI,Pratama Abadi Nusa Industri Tb,18 Sep 2018,410.000.000,Pengembangan
535,PANR,Panorama Sentrawisata Tbk.,18 Sep 2001,1.200.000.000,Utama
536,PANS,Panin Sekuritas Tbk.,31 Mei 2000,720.000.000,Utama
537,PBID,Panca Budi Idaman Tbk.,13 Des 2017,1.875.000.000,Utama
538,PBRX,Pan Brothers Tbk.,16 Ags 1990,6.478.295.611,Utama
539,PBSA,Paramita Bangun Sarana Tbk.,28 Sep 2016,1.500.000.000,Utama
540,PCAR,Prima Cakrawala Abadi Tbk.,29 Des 2017,1.166.666.700,Pengembangan
541,PDES,Destinasi Tirta Nusantara Tbk,08 Jul 2008,715.000.000,Pengembangan
542,PEGE,Panca Global Kapital Tbk.,24 Jun 2005,2.833.417.056,Pengembangan
543,PEHA,Phapros Tbk.,26 Des 2018,840.000.000,Utama
544,PGAS,Perusahaan Gas Negara Tbk.,15 Des 2003,24.241.508.196,Utama
545,PGJO,Tourindo Guide Indonesia Tbk.,08 Jan 2020,759.859.095,Akselerasi
546,PGLI,Pembangunan Graha Lestari Inda,05 Apr 2000,488.000.000,PENGEMBANGAN
547,PGUN,Pradiksi Gunatama Tbk.,07 Jul 2020,4.998.360.000,Utama
548,PICO,Pelangi Indah Canindo Tbk,23 Sep 1996,568.375.000,Pengembangan
549,PJAA,Pembangunan Jaya Ancol Tbk.,02 Jul 2004,1.599.999.996,Utama
550,PKPK,Perdana Karya Perkasa Tbk,11 Jul 2007,600.000.000,Pengembangan
551,PLAN,Planet Properindo Jaya Tbk.,15 Sep 2020,892.863.102,Akselerasi
552,PLAS,Polaris Investama Tbk,16 Mar 2001,1.184.200.000,PENGEMBANGAN
553,PLIN,Plaza Indonesia Realty Tbk.,15 Jun 1992,3.550.000.000,Utama
554,PMJS,Putra Mandiri Jembar Tbk.,18 Des 2019,13.755.600.000,Pengembangan
555,PMMP,Panca Mitra Multiperdana Tbk.,18 Des 2020,2.353.000.000,Utama
556,PNBN,Bank Pan Indonesia Tbk,29 Des 1982,23.837.645.998,Utama
557,PNBS,Bank Panin Dubai Syariah Tbk.,15 Jan 2014,38.425.504.906,Utama
558,PNGO,Pinago Utama Tbk.,31 Ags 2020,781.250.000,Pengembangan
559,PNIN,Paninvest Tbk.,20 Sep 1983,4.068.323.920,Utama
560,PNLF,Panin Financial Tbk.,14 Jun 1983,32.022.073.293,UTAMA
561,PNSE,Pudjiadi & Sons Tbk.,01 Mei 1990,797.813.496,Pengembangan
562,POLA,Pool Advista Finance Tbk.,16 Nov 2018,2.729.385.000,Pengembangan
563,POLI,Pollux Hotels Group Tbk.,10 Jan 2019,2.010.526.400,Pengembangan
564,POLL,Pollux Properties Indonesia Tb,11 Jul 2018,8.318.823.600,Utama
565,POLU,Golden Flower Tbk.,26 Jun 2019,750.000.000,Pengembangan
566,POLY,Asia Pacific Fibers Tbk,12 Mar 1991,2.495.753.334,Pengembangan
567,POOL,Pool Advista Indonesia Tbk.,20 Mei 1991,2.341.366.264,Pengembangan
568,PORT,Nusantara Pelabuhan Handal Tbk,16 Mar 2017,2.813.941.985,Pengembangan
569,POSA,Bliss Properti Indonesia Tbk.,10 Mei 2019,8.388.870.206,Pengembangan
570,POWR,Cikarang Listrindo Tbk.,14 Jun 2016,16.087.156.000,Pengembangan
571,PPGL,Prima Globalindo Logistik Tbk.,20 Jul 2020,750.021.344,Akselerasi
572,PPRE,PP Presisi Tbk.,24 Nov 2017,10.224.271.000,Utama
573,PPRO,PP Properti Tbk.,19 Mei 2015,61.675.671.883,Utama
574,PRAS,Prima Alloy Steel Universal Tb,12 Jul 1990,701.043.478,Utama
575,PRDA,Prodia Widyahusada Tbk.,07 Des 2016,937.500.000,Utama
576,PRIM,Royal Prima Tbk.,15 Mei 2018,3.393.434.905,Pengembangan
577,PSAB,J Resources Asia Pasifik Tbk.,22 Apr 2003,26.460.000.000,Pengembangan
578,PSDN,Prasidha Aneka Niaga Tbk,18 Okt 1994,1.440.000.000,PENGEMBANGAN
579,PSGO,Palma Serasih Tbk.,25 Nov 2019,18.850.000.000,PENGEMBANGAN
580,PSKT,Red Planet Indonesia Tbk.,19 Sep 1995,10.351.231.636,Pengembangan
581,PSSI,Pelita Samudera Shipping Tbk.,05 Des 2017,5.417.063.153,Utama
582,PTBA,Bukit Asam Tbk.,23 Des 2002,11.520.659.250,Utama
583,PTDU,Djasa Ubersakti Tbk.,08 Des 2020,1.500.000.000,Pengembangan
584,PTIS,Indo Straits Tbk.,12 Jul 2011,550.165.300,Utama
585,PTPP,PP (Persero) Tbk.,09 Feb 2010,6.199.897.354,Utama
586,PTPW,Pratama Widya Tbk.,07 Feb 2020,878.187.500,Pengembangan
587,PTRO,Petrosea Tbk.,21 Mei 1990,1.008.605.000,Utama
588,PTSN,Sat Nusapersada Tbk,08 Nov 2007,5.314.344.000,Utama
589,PTSP,Pioneerindo Gourmet Internatio,30 Mei 1994,220.808.000,PENGEMBANGAN
590,PUDP,Pudjiadi Prestige Tbk.,18 Nov 1994,329.560.000,UTAMA
591,PURA,Putra Rajawali Kencana Tbk.,22 Jan 2020,5.941.264.082,Pengembangan
592,PURE,Trinitan Metals and Minerals T,09 Okt 2019,1.375.181.505,Utama
593,PURI,Puri Global Sukses Tbk.,08 Sep 2020,1.000.000.000,Pengembangan
594,PWON,Pakuwon Jati Tbk.,09 Okt 1989,48.159.602.400,UTAMA
595,PYFA,Pyridam Farma Tbk,16 Okt 2001,535.080.000,Pengembangan
596,PZZA,Sarimelati Kencana Tbk.,23 Mei 2018,3.021.875.000,Utama
597,RAJA,Rukun Raharja Tbk.,19 Apr 2006,4.227.082.500,Utama
598,RALS,Ramayana Lestari Sentosa Tbk.,24 Jul 1996,7.096.000.000,Utama
599,RANC,Supra Boga Lestari Tbk.,07 Jun 2012,1.564.487.500,Utama
600,RBMS,Ristia Bintang Mahkotasejati T,19 Des 1997,2.656.212.826,Utama
601,RDTX,Roda Vivatex Tbk,14 Mei 1990,268.800.000,Utama
602,REAL,Repower Asia Indonesia Tbk.,06 Des 2019,6.633.610.151,Pengembangan
603,RELI,Reliance Sekuritas Indonesia T,13 Jul 2005,1.800.000.000,Utama
604,RICY,Ricky Putra Globalindo Tbk,22 Jan 1998,641.717.510,UTAMA
605,RIGS,Rig Tenders Indonesia Tbk.,05 Mar 1990,609.130.000,Pengembangan
606,RIMO,Rimo International Lestari Tbk,10 Nov 2000,45.080.600.000,Pengembangan
607,RISE,Jaya Sukses Makmur Sentosa Tbk,09 Jul 2018,10.945.000.000,Pengembangan
608,RMBA,Bentoel Internasional Investam,05 Mar 1990,36.401.136.250,Utama
609,RMKE,RMK Energy Tbk.,07 Des 2021,4.375.000.000,Utama
610,ROCK,Rockfields Properti Indonesia,10 Sep 2020,1.435.185.100,Pengembangan
611,RODA,Pikko Land Development Tbk.,22 Okt 2001,13.592.128.209,Pengembangan
612,RONY,Aesler Grup Internasional Tbk.,09 Apr 2020,1.250.000.000,Pengembangan
613,ROTI,Nippon Indosari Corpindo Tbk.,28 Jun 2010,6.186.488.888,Utama
614,RSGK,Kedoya Adyaraya Tbk.,08 Sep 2021,929.675.000,Utama
615,RUIS,Radiant Utama Interinsco Tbk.,12 Jul 2006,770.000.000,Pengembangan
616,RUNS,Global Sukses Solusi Tbk.,08 Sep 2021,983.557.875,Akselerasi
617,SAFE,Steady Safe Tbk,15 Ags 1994,615.145.012,PENGEMBANGAN
618,SAME,Sarana Meditama Metropolitan T,11 Jan 2013,17.113.987.263,Pengembangan
619,SAMF,Saraswanti Anugerah Makmur Tbk,31 Mar 2020,5.125.000.000,Utama
620,SAPX,Satria Antaran Prima Tbk.,03 Okt 2018,833.333.300,Pengembangan
621,SATU,Kota Satu Properti Tbk.,05 Nov 2018,1.375.000.000,PENGEMBANGAN
622,SBAT,Sejahtera Bintang Abadi Textil,08 Apr 2020,4.752.933.307,Pengembangan
623,SBMA,Surya Biru Murni Acetylene Tbk,08 Sep 2021,929.482.711,Pengembangan
624,SCCO,Supreme Cable Manufacturing &,20 Jul 1982,205.583.400,UTAMA
625,SCMA,Surya Citra Media Tbk.,16 Jul 2002,73.970.569.505,Utama
626,SCNP,Selaras Citra Nusantara Perkas,07 Sep 2020,2.500.000.000,Pengembangan
627,SCPI,Organon Pharma Indonesia Tbk.,08 Jun 1990,3.600.000,PENGEMBANGAN
628,SDMU,Sidomulyo Selaras Tbk.,12 Jul 2011,1.135.225.000,Pengembangan
629,SDPC,Millennium Pharmacon Internati,07 Mei 1990,1.274.000.000,Utama
630,SDRA,Bank Woori Saudara Indonesia 1,15 Des 2006,8.482.552.020,Utama
631,SEMA,Semacom Integrated Tbk.,10 Jan 2022,1.347.000.000,Pengembangan
632,SFAN,Surya Fajar Capital Tbk.,19 Jun 2019,1.359.934.021,Pengembangan
633,SGER,Sumber Global Energy Tbk.,10 Ags 2020,1.959.426.859,Pengembangan
634,SGRO,Sampoerna Agro Tbk.,18 Jun 2007,1.890.000.000,Utama
635,SHID,Hotel Sahid Jaya International,08 Mei 1990,1.119.326.168,Pengembangan
636,SHIP,Sillo Maritime Perdana Tbk.,16 Jun 2016,2.719.790.000,Pengembangan
637,SIDO,Industri Jamu dan Farmasi Sido,18 Des 2013,30.000.000.000,Utama
638,SILO,Siloam International Hospitals,12 Sep 2013,1.625.765.625,Utama
639,SIMA,Siwani Makmur Tbk,03 Jun 1994,442.589.871,Pengembangan
640,SIMP,Salim Ivomas Pratama Tbk.,09 Jun 2011,15.816.310.000,Utama
641,SINI,Singaraja Putra Tbk.,08 Nov 2019,470.325.650,Pengembangan
642,SIPD,Sreeya Sewu Indonesia Tbk.,27 Des 1996,1.339.102.579,Pengembangan
643,SKBM,Sekar Bumi Tbk.,28 Sep 2012,1.730.103.217,Pengembangan
644,SKLT,Sekar Laut Tbk.,08 Sep 1993,690.740.500,Pengembangan
645,SKRN,Superkrane Mitra Utama Tbk.,11 Okt 2018,1.500.000.000,PENGEMBANGAN
646,SKYB,Northcliff Citranusa Indonesia,07 Jul 2010,585.000.000,PENGEMBANGAN
647,SLIS,Gaya Abadi Sempurna Tbk.,07 Okt 2019,2.000.000.000,Pengembangan
648,SMAR,Smart Tbk.,20 Nov 1992,2.872.193.366,Pengembangan
649,SMBR,Semen Baturaja (Persero) Tbk.,28 Jun 2013,9.932.534.336,Utama
650,SMCB,Solusi Bangun Indonesia Tbk.,10 Ags 1977,9.019.381.973,Utama
651,SMDM,Suryamas Dutamakmur Tbk.,12 Okt 1995,4.772.138.237,Pengembangan
652,SMDR,Samudera Indonesia Tbk.,05 Jul 1999,3.275.120.000,Utama
653,SMGR,Semen Indonesia (Persero) Tbk.,08 Jul 1991,5.931.520.000,Utama
654,SMKL,Satyamitra Kemas Lestari Tbk.,11 Jul 2019,3.405.598.451,Utama
655,SMKM,Sumber Mas Konstruksi Tbk.,09 Mar 2022,1.253.000.000,Akselerasi
656,SMMA,Sinarmas Multiartha Tbk.,05 Jul 1995,6.367.664.717,Utama
657,SMMT,Golden Eagle Energy Tbk.,01 Des 1997,3.150.000.000,Pengembangan
658,SMRA,Summarecon Agung Tbk.,07 Mei 1990,16.508.568.358,Utama
659,SMRU,SMR Utama Tbk.,10 Okt 2011,12.499.385.782,Pengembangan
660,SMSM,Selamat Sempurna Tbk.,09 Sep 1996,5.758.675.440,Utama
661,SNLK,Sunter Lakeside Hotel Tbk.,29 Mar 2021,450.000.000,Pengembangan
662,SOCI,Soechi Lines Tbk.,03 Des 2014,7.059.000.000,Utama
663,SOFA,Boston Furniture Industries Tb,07 Jul 2020,1.653.574.499,Akselerasi
664,SOHO,Soho Global Health Tbk.,08 Sep 2020,1.269.168.239,Utama
665,SONA,Sona Topas Tourism Industry Tb,21 Jul 1992,331.200.000,Utama
666,SOSS,Shield On Service Tbk.,06 Nov 2018,659.990.905,Pengembangan
667,SOTS,Satria Mega Kencana Tbk.,10 Des 2018,1.000.000.075,Pengembangan
668,SPMA,Suparma Tbk.,16 Nov 1994,2.791.233.198,UTAMA
669,SPTO,Surya Pertiwi Tbk.,14 Mei 2018,2.700.000.000,Pengembangan
670,SQMI,Wilton Makmur Indonesia Tbk.,15 Jul 2004,15.537.591.429,Pengembangan
671,SRAJ,Sejahteraraya Anugrahjaya Tbk.,11 Apr 2011,12.000.705.445,Utama
672,SRIL,Sri Rejeki Isman Tbk.,17 Jun 2013,20.452.176.844,Utama
673,SRSN,Indo Acidatama Tbk,11 Jan 1993,6.020.000.000,Utama
674,SRTG,Saratoga Investama Sedaya Tbk.,26 Jun 2013,13.564.835.000,Utama
675,SSIA,Surya Semesta Internusa Tbk.,27 Mar 1997,4.705.249.440,Utama
676,SSMS,Sawit Sumbermas Sarana Tbk.,12 Des 2013,9.525.000.000,Utama
677,SSTM,Sunson Textile Manufacture Tbk,20 Ags 1997,1.170.909.181,PENGEMBANGAN
678,STAA,Sumber Tani Agung Resources Tb,10 Mar 2022,10.903.372.600,Utama
679,STAR,Buana Artha Anugerah Tbk.,13 Jul 2011,4.800.000.602,UTAMA
680,STTP,Siantar Top Tbk.,16 Des 1996,1.310.000.000,Pengembangan
681,SUGI,Sugih Energy Tbk.,19 Jun 2002,24.811.541.414,PENGEMBANGAN
682,SULI,SLJ Global Tbk.,21 Mar 1994,3.986.916.802,Utama
683,SUPR,Solusi Tunas Pratama Tbk.,11 Okt 2011,1.137.579.698,Pengembangan
684,SURE,Super Energy Tbk.,05 Okt 2018,1.497.576.771,PENGEMBANGAN
685,SWAT,Sriwahana Adityakarta Tbk.,08 Jun 2018,3.019.200.000,Pengembangan
686,TALF,Tunas Alfin Tbk.,17 Jan 2014,1.353.435.000,PENGEMBANGAN
687,TAMA,Lancartama Sejati Tbk.,10 Feb 2020,1.000.000.005,Pengembangan
688,TAMU,Pelayaran Tamarin Samudra Tbk.,10 Mei 2017,37.500.000.000,Pengembangan
689,TAPG,Triputra Agro Persada Tbk.,12 Apr 2021,19.852.540.000,Utama
690,TARA,Agung Semesta Sejahtera Tbk.,11 Jul 2014,10.069.645.750,Utama
691,TAXI,Express Transindo Utama Tbk.,02 Nov 2012,10.223.647.156,Utama
692,TAYS,Jaya Swarasa Agung Tbk.,06 Des 2021,1.098.920.000,Pengembangan
693,TBIG,Tower Bersama Infrastructure T,26 Okt 2010,22.656.999.445,Utama
694,TBLA,Tunas Baru Lampung Tbk.,14 Feb 2000,5.342.098.939,Utama
695,TBMS,Tembaga Mulia Semanan Tbk.,23 Mei 1990,367.340.000,PENGEMBANGAN
696,TCID,Mandom Indonesia Tbk.,30 Sep 1993,201.066.667,Utama
697,TCPI,Transcoal Pacific Tbk.,06 Jul 2018,5.000.000.000,Pengembangan
698,TDPM,Tridomain Performance Material,09 Apr 2018,10.485.050.500,Utama
699,TEBE,Dana Brata Luhur Tbk.,18 Nov 2019,1.285.000.000,PENGEMBANGAN
700,TECH,Indosterling Technomedia Tbk.,04 Jun 2020,1.256.300.000,Pengembangan
701,TELE,Tiphone Mobile Indonesia Tbk.,12 Jan 2012,7.302.194.889,Utama
702,TFAS,Telefast Indonesia Tbk.,17 Sep 2019,1.666.666.500,Pengembangan
703,TFCO,Tifico Fiber Indonesia Tbk.,26 Feb 1980,4.823.076.400,Pengembangan
704,TGKA,Tigaraksa Satria Tbk.,11 Jun 1990,918.492.750,Pengembangan
705,TGRA,Terregra Asia Energy Tbk.,16 Mei 2017,2.750.000.000,UTAMA
706,TIFA,KDB Tifa Finance Tbk.,08 Jul 2011,3.552.213.000,Pengembangan
707,TINS,Timah Tbk.,19 Okt 1995,7.447.753.454,Utama
708,TIRA,Tira Austenite Tbk,27 Jul 1993,588.000.000,Pengembangan
709,TIRT,Tirta Mahakam Resources Tbk,13 Des 1999,1.011.774.750,Utama
710,TKIM,Pabrik Kertas Tjiwi Kimia Tbk.,03 Apr 1990,3.113.223.570,Utama
711,TLKM,Telkom Indonesia (Persero) Tbk,14 Nov 1995,99.062.216.600,Utama
712,TMAS,Temas Tbk.,09 Jul 2003,5.705.150.000,Utama
713,TMPO,Tempo Intimedia Tbk.,08 Jan 2001,1.058.333.250,PENGEMBANGAN
714,TNCA,Trimuda Nuansa Citra Tbk.,28 Jun 2018,421.640.000,Pengembangan
715,TOBA,TBS Energi Utama Tbk.,06 Jul 2012,8.049.964.000,Utama
716,TOPS,Totalindo Eka Persada Tbk.,16 Jun 2017,33.330.000.000,Utama
717,TOTL,Total Bangun Persada Tbk.,25 Jul 2006,3.410.000.000,Utama
718,TOTO,Surya Toto Indonesia Tbk.,30 Okt 1990,10.320.000.000,Pengembangan
719,TOWR,Sarana Menara Nusantara Tbk.,08 Mar 2010,51.014.625.000,Utama
720,TOYS,Sunindo Adipersada Tbk.,06 Ags 2020,1.435.000.287,Pengembangan
721,TPIA,Chandra Asri Petrochemical Tbk,26 Mei 2008,21.627.886.273,Pengembangan
722,TPMA,Trans Power Marine Tbk.,20 Feb 2013,2.633.300.000,Pengembangan
723,TRAM,Trada Alam Minera Tbk.,10 Sep 2008,49.643.627.934,Utama
724,TRIL,Triwira Insanlestari Tbk.,28 Jan 2008,1.200.000.000,Pengembangan
725,TRIM,Trimegah Sekuritas Indonesia T,31 Jan 2000,7.109.300.000,Utama
726,TRIN,Perintis Triniti Properti Tbk.,15 Jan 2020,4.398.731.905,Pengembangan
727,TRIO,Trikomsel Oke Tbk.,14 Apr 2009,26.007.494.645,UTAMA
728,TRIS,Trisula International Tbk.,28 Jun 2012,3.141.443.806,PENGEMBANGAN
729,TRJA,Transkon Jaya Tbk.,27 Ags 2020,1.510.200.000,Pengembangan
730,TRST,Trias Sentosa Tbk.,02 Jul 1990,2.808.000.000,Utama
731,TRUE,Triniti Dinamik Tbk.,10 Jun 2021,7.570.888.258,Pengembangan
732,TRUK,Guna Timur Raya Tbk.,23 Mei 2018,435.000.000,PENGEMBANGAN
733,TRUS,Trust Finance Indonesia Tbk,28 Nov 2002,800.000.000,PENGEMBANGAN
734,TSPC,Tempo Scan Pacific Tbk.,17 Jun 1994,4.509.864.300,Utama
735,TUGU,Asuransi Tugu Pratama Indonesi,28 Mei 2018,1.777.777.800,Pengembangan
736,TURI,Tunas Ridean Tbk.,16 Mei 1995,5.580.000.000,Utama
737,UANG,Pakuan Tbk.,06 Jul 2020,1.210.000.000,Pengembangan
738,UCID,Uni-Charm Indonesia Tbk.,20 Des 2019,4.156.572.300,Utama
739,UFOE,Damai Sejahtera Abadi Tbk.,01 Feb 2021,2.287.500.000,Utama
740,ULTJ,Ultra Jaya Milk Industry & Tra,02 Jul 1990,11.553.528.000,Utama
741,UNIC,Unggul Indah Cahaya Tbk.,06 Nov 1989,383.331.363,Utama
742,UNIQ,Ulima Nitra Tbk.,08 Mar 2021,3.138.983.000,Utama
743,UNIT,Nusantara Inti Corpora Tbk,18 Apr 2002,75.422.200,PENGEMBANGAN
744,UNSP,Bakrie Sumatera Plantations Tb,06 Mar 1990,2.500.162.344,Utama
745,UNTR,United Tractors Tbk.,19 Sep 1989,3.730.135.136,UTAMA
746,UNVR,Unilever Indonesia Tbk.,11 Jan 1982,38.150.000.000,Utama
747,URBN,Urban Jakarta Propertindo Tbk.,10 Des 2018,3.232.122.640,Pengembangan
748,UVCR,Trimegah Karya Pratama Tbk.,27 Jul 2021,2.000.074.379,Akselerasi
749,VICI,Victoria Care Indonesia Tbk.,17 Des 2020,6.708.000.000,Utama
750,VICO,Victoria Investama Tbk.,08 Jul 2013,9.150.094.680,Utama
751,VINS,Victoria Insurance Tbk.,28 Sep 2015,1.460.573.616,PENGEMBANGAN
752,VIVA,Visi Media Asia Tbk.,21 Nov 2011,16.464.270.400,UTAMA
753,VOKS,Voksel Electric Tbk.,20 Des 1990,4.155.602.595,Utama
754,VRNA,Verena Multi Finance Tbk.,25 Jun 2008,5.687.353.997,Pengembangan
755,WAPO,Wahana Pronatural Tbk.,22 Jun 2001,1.240.923.111,Pengembangan
756,WEGE,Wijaya Karya Bangunan Gedung T,30 Nov 2017,9.572.000.000,Utama
757,WEHA,WEHA Transportasi Indonesia Tb,31 Mei 2007,886.411.265,Utama
758,WGSH,Wira Global Solusi Tbk.,06 Des 2021,1.042.500.000,Akselerasi
759,WICO,Wicaksana Overseas Internation,08 Ags 1994,1.268.950.977,Pengembangan
760,WIFI,Solusi Sinergi Digital Tbk.,30 Des 2020,2.050.292.287,Pengembangan
761,WIIM,Wismilak Inti Makmur Tbk.,18 Des 2012,2.099.873.760,UTAMA
762,WIKA,Wijaya Karya (Persero) Tbk.,29 Okt 2007,8.969.951.372,Utama
763,WINS,Wintermar Offshore Marine Tbk.,29 Nov 2010,4.346.087.057,Utama
764,WMPP,Widodo Makmur Perkasa Tbk.,06 Des 2021,29.419.000.000,Utama
765,WMUU,Widodo Makmur Unggas Tbk.,02 Feb 2021,12.941.176.500,Utama
766,WOMF,Wahana Ottomitra Multiartha Tb,13 Des 2004,3.481.481.480,Utama
767,WOOD,Integra Indocabinet Tbk.,21 Jun 2017,6.362.500.000,Utama
768,WOWS,Ginting Jaya Energi Tbk.,08 Nov 2019,2.475.720.000,Pengembangan
769,WSBP,Waskita Beton Precast Tbk.,20 Sep 2016,26.361.157.534,Utama
770,WSKT,Waskita Karya (Persero) Tbk.,19 Des 2012,28.806.807.016,Utama
771,WTON,Wijaya Karya Beton Tbk.,08 Apr 2014,8.715.466.600,Utama
772,YELO,Yelooo Integra Datanet Tbk.,29 Okt 2018,1.912.774.405,Pengembangan
773,YPAS,Yanaprima Hastapersada Tbk,05 Mar 2008,668.000.089,Pengembangan
774,YULE,Yulie Sekuritas Indonesia Tbk.,10 Des 2004,1.785.000.000,Pengembangan
775,ZBRA,Dosni Roha Indonesia Tbk.,01 Ags 1991,2.510.706.263,Pengembangan
776,ZINC,Kapuas Prima Coal Tbk.,16 Okt 2017,25.250.000.000,Pengembangan
777,ZONE,Mega Perintis Tbk.,12 Des 2018,870.171.478,PENGEMBANGAN
778,ZYRX,Zyrexindo Mandiri Buana Tbk.,30 Mar 2021,1.333.333.300,Pengembangan
